{
    "train_loss": [
        0.524693222064122,
        0.24958228140708738,
        0.20757865719795857,
        0.17688351454514653,
        0.15887680591188938,
        0.13833242068068624,
        0.12157029337632318,
        0.11342521202270922,
        0.10494291330114229,
        0.09882230559373903,
        0.037219122627240246,
        0.02535439974848348,
        0.022117598139307075,
        0.01997040202826639,
        0.017630195223913847,
        0.018060907484214166,
        0.015450960586196102,
        0.015427234704426246,
        0.015276113557005085,
        0.01456917282176921,
        0.010826371220320723,
        0.0088486094525749,
        0.00851847716163083,
        0.008878723550684442,
        0.00806661333782441,
        0.0076635515749046285,
        0.00781158835892509,
        0.008100957812346156,
        0.0069740448245393626
    ],
    "train_acc": [
        0.8318654044674823,
        0.9189307913637462,
        0.9328779459245755,
        0.9423005117617342,
        0.9478574095631356,
        0.9545344725339894,
        0.960508686771069,
        0.962705089064113,
        0.964352390783896,
        0.9680643106591403,
        0.988468887961519,
        0.9926420523183026,
        0.9929934766851897,
        0.9941356058775725,
        0.9948384546113466,
        0.9948164905884161,
        0.996156295987173,
        0.9954314832304685,
        0.9954973752992599,
        0.9958487996661468,
        0.9974082452942081,
        0.9979573458674691,
        0.9979573458674691,
        0.997649849546443,
        0.9979793098903995,
        0.9981769860967735,
        0.9982209141426344,
        0.9980232379362604,
        0.9982648421884952
    ],
    "val_loss": [
        0.22578769548977592,
        0.1447398412164718,
        0.10237110673290897,
        0.16417979953135167,
        0.061411136896898554,
        0.11542764528847274,
        0.11497332217953776,
        0.06766538390841235,
        0.10275265125158924,
        0.048442952354097873,
        0.009531653543526825,
        0.007493262670673629,
        0.006144520378049364,
        0.004301684573563504,
        0.005025095569014097,
        0.003658139161458507,
        0.00366527053894189,
        0.003970782845908845,
        0.0038687336045623516,
        0.006368316442592598,
        0.00310125894409014,
        0.0025148131881302075,
        0.0021895968362306774,
        0.0019970658629539077,
        0.0020493511618286434,
        0.0023169494391526717,
        0.001704596685946768,
        0.002036162512018852,
        0.0022730929071728377
    ],
    "val_acc": [
        0.9228284278535535,
        0.9530509691313711,
        0.966762383345298,
        0.9445082555635319,
        0.9809763101220388,
        0.9600861450107682,
        0.9646087580760948,
        0.9775305096913137,
        0.964967695620962,
        0.984781048097631,
        0.9973438621679828,
        0.9979181622397703,
        0.9983488872936109,
        0.9989231873653984,
        0.9989231873653984,
        0.9990667623833454,
        0.9991385498923188,
        0.9992103374012922,
        0.9985642498205313,
        0.9979899497487437,
        0.9990667623833454,
        0.9994256999282125,
        0.9993539124192391,
        0.9996410624551328,
        0.9994974874371859,
        0.9994256999282125,
        0.9996410624551328,
        0.9994974874371859,
        0.9993539124192391
    ]
}